{
  "total_qa": 1536,
  "skipped_qa": 450,
  "top_ks": [
    1,
    3,
    5
  ],
  "methods": {
    "fts": {
      "recall": {
        "R@1": 0.23823632060936747,
        "R@3": 0.3706310923596079,
        "R@5": 0.43284735250966744
      },
      "mrr": 0.34523654513888896,
      "by_category": {
        "2": {
          "name": "时间推理",
          "n": 321,
          "recall": {
            "R@1": 0.29127725856697817,
            "R@3": 0.4462616822429907,
            "R@5": 0.5277777777777777
          }
        },
        "3": {
          "name": "多跳推理",
          "n": 92,
          "recall": {
            "R@1": 0.05797101449275362,
            "R@3": 0.12590579710144925,
            "R@5": 0.13677536231884058
          }
        },
        "1": {
          "name": "单跳事实",
          "n": 282,
          "recall": {
            "R@1": 0.05412880067135386,
            "R@3": 0.12632159999181275,
            "R@5": 0.18505981130561197
          }
        },
        "4": {
          "name": "开放域",
          "n": 841,
          "recall": {
            "R@1": 0.29944510503369004,
            "R@3": 0.4504558065794689,
            "R@5": 0.5120887831946096
          }
        }
      }
    },
    "vector": {
      "recall": {
        "R@1": 0.11037074117841579,
        "R@3": 0.263257705768711,
        "R@5": 0.3337128148956951
      },
      "mrr": 0.2231119791666667,
      "by_category": {
        "2": {
          "name": "时间推理",
          "n": 321,
          "recall": {
            "R@1": 0.10747663551401869,
            "R@3": 0.2650571131879543,
            "R@5": 0.3616303219106958
          }
        },
        "3": {
          "name": "多跳推理",
          "n": 92,
          "recall": {
            "R@1": 0.044117647058823525,
            "R@3": 0.11295822676896847,
            "R@5": 0.14919011082693948
          }
        },
        "1": {
          "name": "单跳事实",
          "n": 282,
          "recall": {
            "R@1": 0.04067601035686142,
            "R@3": 0.1030319593309515,
            "R@5": 0.1292224355214277
          }
        },
        "4": {
          "name": "开放域",
          "n": 841,
          "recall": {
            "R@1": 0.14209274673008324,
            "R@3": 0.3327388030122869,
            "R@5": 0.4118113357114546
          }
        }
      }
    },
    "hybrid": {
      "recall": {
        "R@1": 0.289424964864418,
        "R@3": 0.4566039862914863,
        "R@5": 0.5486011667135289
      },
      "mrr": 0.4304904513888889,
      "by_category": {
        "2": {
          "name": "时间推理",
          "n": 321,
          "recall": {
            "R@1": 0.362668743509865,
            "R@3": 0.5319314641744548,
            "R@5": 0.5999480789200414
          }
        },
        "3": {
          "name": "多跳推理",
          "n": 92,
          "recall": {
            "R@1": 0.06521739130434782,
            "R@3": 0.13405797101449277,
            "R@5": 0.1591538789428815
          }
        },
        "1": {
          "name": "单跳事实",
          "n": 282,
          "recall": {
            "R@1": 0.06964567150737364,
            "R@3": 0.16640800098246908,
            "R@5": 0.23141572769232346
          }
        },
        "4": {
          "name": "开放域",
          "n": 841,
          "recall": {
            "R@1": 0.35969084423305586,
            "R@3": 0.5604439159730479,
            "R@5": 0.6779627427665477
          }
        }
      }
    }
  }
}